{
  "experiment": "teacher_cv",
  "timestamp": "2026-02-20_16-53",
  "oof_qwk": 0.7990576128911159,
  "fold_kappas": [
    0.8025939028625673,
    0.7912984230950405,
    0.7910693170149945,
    0.8076010253470867,
    0.8020128804774209
  ],
  "config": {
    "seed": 312,
    "n_splits": 5,
    "trainer": {
      "patience": 15,
      "max_epochs": 200
    },
    "teacher": {
      "hidden_layers": [
        256,
        128,
        64
      ],
      "dropout": 0.2,
      "lr": 0.0005,
      "weight_decay": 0.001,
      "batch_size": 128,
      "n_classes": 6
    }
  },
  "folds": [
    {
      "fold": 1,
      "losses": [
        1.2433000688159137,
        0.9331497823426483,
        0.8785775052298099,
        0.84172364440533,
        0.816423327004144,
        0.7997689597103574,
        0.7787271420890038,
        0.761555108455343,
        0.7442930275147114,
        0.72824588281299,
        0.7111654073820202,
        0.68893925585878,
        0.6751188909241913,
        0.6680933783907409,
        0.6460869870054613,
        0.6299904434505953,
        0.6154109852029643,
        0.6010714047545687,
        0.5902490377972979,
        0.567823802659271,
        0.5498382563984722,
        0.5301046423408964,
        0.5212204245799178,
        0.5100063605046053,
        0.4866410327067069,
        0.4744927535910125,
        0.46855686755355347,
        0.4466897697623717,
        0.43421883142869405,
        0.42641174082362326,
        0.4227461918778376,
        0.39694518096950077
      ],
      "val_kappas": [
        0.7419704633245646,
        0.7824870528154191,
        0.7888044368030874,
        0.7872918215154745,
        0.7935264694221348,
        0.7925410587124657,
        0.7884830159716802,
        0.7957429714596411,
        0.7920023046879642,
        0.7928038698336117,
        0.795037959162029,
        0.7921990716331587,
        0.7929391066472719,
        0.7909900057873297,
        0.7985429455819364,
        0.7866151171135702,
        0.8025939028625673,
        0.7918387197552401,
        0.7910998053576177,
        0.795595333805835,
        0.7899232269192603,
        0.783498807804451,
        0.7802680726464561,
        0.7919644223289772,
        0.7857644034919181,
        0.781483664884359,
        0.7846127030931096,
        0.7881918988034825,
        0.7927798260381482,
        0.7844668023784094,
        0.7808595902079674,
        0.7882663707326786
      ],
      "best_epoch": 17,
      "best_val_kappa": 0.8025939028625673
    },
    {
      "fold": 2,
      "losses": [
        1.2194790922173666,
        0.9348210151042413,
        0.8773845319354207,
        0.8380615569035942,
        0.8072541804488645,
        0.794983327935595,
        0.7750298517559646,
        0.7492764275008386,
        0.7372352163726037,
        0.7191535611765101,
        0.706166026789114,
        0.6878924014371469,
        0.6755156938089143,
        0.6551720453511685,
        0.6349618536069852,
        0.6239084576794861,
        0.6113980784328705,
        0.5889246554002849,
        0.5742785208815828,
        0.5571059346745867,
        0.5440105557988543,
        0.525243719783398,
        0.515690949805286,
        0.5079832060621419,
        0.48512767351001773,
        0.47701519098850564,
        0.45885235153206994,
        0.4499874475899093,
        0.4289419809612659,
        0.4214526327378159,
        0.41422826079053615,
        0.39439991061840585,
        0.3822067877568236,
        0.3709280056144119
      ],
      "val_kappas": [
        0.726458771506819,
        0.7617702700170355,
        0.7780856688561482,
        0.7804143000279635,
        0.7838720704685109,
        0.7787099538119082,
        0.7898245801805885,
        0.7841673513372054,
        0.7880292430490506,
        0.7900205895466595,
        0.7879118977739878,
        0.777477932994405,
        0.782540184342541,
        0.7760544396178541,
        0.7893920985642978,
        0.7844813743876662,
        0.7850289514029886,
        0.771258074764801,
        0.7912984230950405,
        0.7816122005263637,
        0.7819174203914916,
        0.781587999145164,
        0.7829408761543077,
        0.788686907538243,
        0.7800240064815629,
        0.7843485027958758,
        0.7841429864879645,
        0.7765690192521705,
        0.7814740761898717,
        0.7679838280607661,
        0.7726129918915499,
        0.7777755348423573,
        0.7823285460650284,
        0.7732290912643607
      ],
      "best_epoch": 19,
      "best_val_kappa": 0.7912984230950405
    },
    {
      "fold": 3,
      "losses": [
        1.28853212474683,
        0.9514645939573235,
        0.881222852873146,
        0.8478553180300862,
        0.8189141334743675,
        0.7976034239891472,
        0.7767335236619372,
        0.7615705876175417,
        0.7421241998672485,
        0.7218348564357933,
        0.7044341761037844,
        0.6830516665353688,
        0.6769987522462092,
        0.6540405474124699,
        0.6372075354287384,
        0.6238677810638322,
        0.613069408530489,
        0.5917430995801173,
        0.5782391199278175,
        0.5666973806849314,
        0.545691077588895,
        0.5302979639910776,
        0.5121112867779688,
        0.5120397365968162,
        0.5005146478294232,
        0.4848454728585864,
        0.45356953034707165,
        0.4529145220550922,
        0.4379029096266545,
        0.42577076272680126,
        0.4157353202137378,
        0.4081538218423861,
        0.38969254110931256,
        0.3782613904924568
      ],
      "val_kappas": [
        0.7191052401313032,
        0.7689397262536862,
        0.7690640158650847,
        0.7767661811200663,
        0.7847832900764125,
        0.7905225098335862,
        0.7852324504578764,
        0.786594225151973,
        0.787956920920733,
        0.7906006712564931,
        0.7849117811240741,
        0.7882196656350702,
        0.7858063438083582,
        0.7905780118484151,
        0.7804208140341106,
        0.7863197477588777,
        0.7872670199620915,
        0.7875034730011746,
        0.7910693170149945,
        0.7825529454379481,
        0.779714785113976,
        0.7829273940457935,
        0.7762081119357024,
        0.7824778741185554,
        0.7738413834706748,
        0.7800479464971873,
        0.7886067355931816,
        0.775359506998027,
        0.7813382743724507,
        0.7826022315210833,
        0.7775023205604987,
        0.776851372060572,
        0.7642078444552282,
        0.7820297317475688
      ],
      "best_epoch": 19,
      "best_val_kappa": 0.7910693170149945
    },
    {
      "fold": 4,
      "losses": [
        1.2256005318886642,
        0.9366787376753781,
        0.872150756350351,
        0.8381221748273308,
        0.8179666864762613,
        0.7919218217561005,
        0.7713404850128593,
        0.7510239531140809,
        0.7379549287874764,
        0.7249576006460627,
        0.7042291038626924,
        0.6855389525037293,
        0.6677166885192242,
        0.6532550044016007,
        0.6321155147268138,
        0.6222271891908908,
        0.6019205606858665,
        0.597128594140394,
        0.5715958462395799,
        0.5572255281133389,
        0.5406516932566231,
        0.51831531798074,
        0.502794256450933,
        0.49225462221224375,
        0.4852260184397391,
        0.46930113680865787,
        0.45150141349626244
      ],